ID,TopConfigs
layout:nlp:default:016ac66a44a906a695afd2228509046a,72;277;836;709;207;562;500;591;731;429;933;184;894;320;187;154;652;650;24;956;334;13;595;812;953;497;323;402;645;634;524;692;592;633;425;387;298;426;327;666;490;219;907;946;527;866;719;990;847;271;209;804;74;111;839;316;196;369;713;165;517;418;833;330;155;672;493;489;860;159;328;891;359;931;795;5;129;746;782;983;810;241;484;941;908;614;765;412;561;670;964;303;899;289;625;80;356;726;144;235;818;702;255;48;834;403;246;743;970;125;545;264;162;260;576;538;714;443;218;529;396;101;850;579;462;550;952;826;534;109;299;617;164;553;954;243;234;198;121;986;904;319;302;769;202;657;177;26;859;893;530;921;371;388;508;51;572;629;681;75;21;134;841;668;189;876;659;467;883;912;380;273;926;999;476;793;35;613;47;49;297;541;558;573;539;636;587;99;525;314;3;485;491;301;547;346;749;509;835;777;620;107;923;203;318;948;984;945;837;182;864;115;431;510;290;606;768;409;924;571;178;406;54;618;932;598;811;750;76;379;120;563;336;885;31;744;704;627;805;108;192;608;163;204;540;275;543;513;133;183;654;637;212;865;486;789;308;433;83;605;848;712;900;565;304;227;378;568;967;632;383;216;774;58;944;653;170;112;940;329;974;802;272;392;897;882;585;718;460;117;599;993;30;136;448;195;9;59;434;857;642;175;647;601;149;844;332;233;875;245;69;67;638;557;138;360;663;644;884;911;737;551;828;185;853;92;700;55;41;280;546;676;570;10;180;820;695;96;324;548;727;582;82;528;772;856;515;748;679;533;790;27;753;384;309;716;797;739;877;265;935;604;514;338;581;416;474;616;466;366;461;306;28;173;442;312;771;98;288;957;43;855;292;958;994;239;934;976;156;767;590;266;693;19;276;989;914;808;151;321;947;422;225;499;854;305;603;394;998;258;684;583;454;757;285;959;361;973;193;23;721;105;831;479;610;404;95;17;674;374;261;816;375;949;791;226;223;697;624;851;554;487;960;181;445;717;871;874;81;662;917;507;221;459;623;706;997;815;526;339;1;326;432;295;992;135;279;752;446;242;567;0;348;130;386;694;127;903;611;740;139;389;919;310;473;906;123;643;675;745;53;688;801;200;621;950;492;683;12;849;385;852;413;90;65;880;44;18;349;357;980;351;586;145;46;278;300;32;64;593;763;715;843;171;36;520;920;742;516;337;56;747;796;87;858;250;971;2;84;294;868;699;552;116;732;224;703;975;367;972;968;685;201;376;15;435;128;846;622;806;910;781;424;293;896;779;502;892;475;890;602;496;94;439;231;214;678;786;687;470;8;511;50;862;988;20;457;690;760;42;313;537;809;794;93;251;421;987;736;824;495;667;922;347;217;166;770;86;689;902;615;738;307;648;61;705;577;390;248;6;441;531;889;363;247;682;259;228;381;901;555;609;372;764;468;734;965;522;991;619;873;720;190;238;814;878;62;453;503;452;252;397;829;504;478;807;126;560;840;88;352;724;118;955;825;342;240;232;961;741;628;928;447;785;600;512;776;68;612;584;66;340;575;939;148;365;664;311;113;211;942;639;423;725;33;869;707;556;222;597;382;450;176;630;215;969;665;872;559;205;77;29;566;915;174;985;229;823;430;197;188;481;799;588;370;775;673;535;521;916;838;353;888;863;131;194;282;150;803;451;532;315;71;870;787;544;152;104;22;963;458;798;905;141;449;78;677;463;106;147;464;395;256;269;845;57;270;158;436;343;333;879;830;206;778;733;729;317;800;60;407;157;249;913;469;411;651;929;978;886;400;696;428;635;607;179;658;686;355;982;399;132;728;11;85;680;751;114;354;480;143;723;7;401;100;819;626;656;471;267;506;414;281;137;542;691;813;578;345;759;523;364;698;494;393;631;417;937;122;519;780;268;146;501;574;140;419;887;455;821;832;335;580;73;38;410;898;596;377;142;34;286;646;867;755;37;483;40;373;995;199;730;89;927;594;398;909;210;472;287;220;70;437;784;236;641;640;350;589;161;119;160;861;536;168;169;842;456;208;253;244;966;45;722;735;482;549;669;391;981;661;977;754;331;488;257;291;936;817;358;925;263;766;415;822;284;102;14;191;213;172;505;827;655;918;254;362;79;756;671;63;660;564;788;930;711;110;895;274;4;440;979;762;405;761;465;91;569;153;427;783;344;262;16;124;322;758;710;792;283;773;420;230;52;438;296;444;962;701;518;708;341;368;103;477;97;39;237;167;186;498;649;951;408;996;943;25;938;881;325
layout:nlp:default:171b0513d8874a427ccfa46d136fbadc,911;901;354;944;590;973;78;534;668;545;74;895;396;117;152;277;362;457;445;331;509;79;312;249;746;530;188;154;500;106;339;443;968;611;356;802;453;304;67;897;414;415;678;868;418;956;976;629;729;442;987;467;334;683;459;379;699;191;307;349;115;988;203;852;366;405;473;596;5;666;140;977;412;623;750;690;644;100;796;44;962;744;529;651;566;612;265;70;872;108;864;836;822;84;523;748;120;621;380;797;430;663;483;561;65;636;305;932;960;16;185;754;119;671;229;951;237;880;985;143;327;991;645;548;539;66;776;190;660;35;219;652;705;192;258;382;771;790;961;17;482;558;427;345;576;971;823;91;428;778;700;400;637;773;913;39;708;148;114;756;60;480;906;653;431;704;522;542;375;597;655;632;849;854;581;302;311;993;550;62;156;934;283;650;861;526;753;870;673;395;481;250;449;706;916;85;615;346;153;257;240;907;233;839;318;643;858;546;713;496;279;242;13;751;949;126;598;180;707;761;344;933;150;365;290;514;788;609;887;634;974;478;220;82;424;358;281;937;953;160;605;29;4;166;306;466;121;241;205;601;186;806;141;410;372;462;677;633;878;936;583;726;343;659;266;767;403;441;786;144;614;338;261;178;588;783;978;397;877;856;293;262;435;285;2;21;543;520;772;55;502;584;515;244;812;914;680;23;819;684;694;639;416;495;840;383;95;730;827;999;807;506;793;829;592;264;187;831;228;12;197;455;175;950;582;608;288;170;399;675;236;915;892;49;735;670;661;476;333;238;540;294;451;11;902;350;256;328;740;446;324;554;594;314;516;438;123;204;733;182;456;606;263;367;474;565;450;68;364;803;789;686;838;927;270;620;738;267;34;833;463;954;617;780;518;434;174;101;484;842;712;332;595;211;487;920;818;564;47;702;775;81;755;941;866;381;401;689;214;171;945;320;649;820;158;691;938;411;646;168;138;676;658;232;444;810;161;284;133;571;336;38;76;113;641;742;527;625;728;701;167;389;992;45;370;739;40;77;145;654;505;317;407;109;162;626;42;828;903;845;147;567;210;834;64;804;647;25;224;475;821;215;155;759;246;610;222;486;426;355;173;419;830;860;425;894;556;260;234;31;309;817;282;979;447;497;886;851;289;664;199;966;177;893;193;134;275;1;429;922;46;781;798;958;146;353;217;710;809;477;468;848;853;682;136;489;768;939;212;374;905;687;521;984;195;693;824;681;363;207;254;587;832;51;720;218;169;863;0;881;580;986;87;512;54;900;41;89;63;223;493;269;619;600;102;216;760;801;72;97;485;172;112;996;137;131;247;50;716;782;630;570;292;604;128;176;69;618;764;586;206;296;235;213;572;994;674;695;952;413;75;850;814;103;104;110;255;791;272;291;889;385;921;432;259;808;301;923;846;181;252;946;347;245;201;904;931;717;132;552;867;295;723;221;918;3;811;94;585;271;785;105;627;286;179;882;909;656;669;15;498;510;709;679;196;857;440;465;826;667;579;777;20;329;464;248;697;300;499;891;855;227;967;469;93;935;955;53;239;925;472;73;622;409;226;32;603;402;763;452;183;276;642;243;555;159;692;929;747;997;859;794;799;885;696;722;912;373;665;551;371;36;575;574;225;208;624;841;703;787;963;769;287;965;998;591;898;718;638;24;980;461;86;404;48;970;519;387;127;544;847;57;504;10;577;981;384;843;422;494;33;470;940;357;698;524;326;27;388;711;884;361;873;417;433;198;745;129;386;303;149;559;917;22;8;30;879;390;6;536;122;635;98;975;322;593;640;926;662;762;83;43;874;732;628;351;278;164;436;942;323;341;458;151;125;391;562;90;724;989;602;816;928;19;721;862;352;398;268;184;569;230;508;875;488;865;837;573;578;528;507;727;795;541;792;308;982;61;657;348;964;14;377;844;471;321;538;448;648;298;130;124;7;758;454;731;672;800;71;189;492;359;80;535;118;342;631;770;714;439;369;888;908;784;815;899;437;330;337;423;871;58;251;56;378;995;688;930;420;116;607;896;310;774;479;613;972;943;511;869;883;297;273;460;200;779;983;537;563;501;59;568;360;957;525;685;715;549;513;421;315;394;99;531;299;490;142;163;340;743;532;194;319;325;553;368;749;741;919;924;316;202;253;736;406;616;757;209;805;560;766;517;959;274;28;547;503;947;88;9;533;876;969;491;734;139;280;910;813;752;96;835;376;725;825;737;948;92;408;231;557;165;335;313;107;719;111;589;890;135;37;18;599;26;393;990;157;52;392;765
layout:nlp:default:23559853d9702baaaacbb0c83fd32266,235;791;944;875;74;438;937;409;256;774;893;202;540;745;126;801;275;188;48;278;214;744;553;903;690;204;664;210;930;919;251;337;925;39;881;633;719;350;724;22;715;635;329;669;872;115;291;283;30;539;550;825;763;439;836;569;890;683;393;654;318;75;51;918;215;134;935;236;178;112;436;747;650;868;470;206;835;484;993;845;255;447;611;621;933;483;142;737;528;434;163;716;982;970;992;889;531;421;817;856;4;987;176;520;463;497;480;201;549;582;559;426;295;962;333;911;371;58;866;410;677;196;101;239;375;465;852;789;69;364;205;199;227;395;830;860;786;211;936;980;86;682;536;785;787;225;521;105;665;241;330;637;221;271;757;263;367;104;974;264;38;570;7;985;854;619;907;870;818;396;643;820;806;565;808;630;28;18;608;599;714;978;943;865;469;474;191;623;634;365;496;401;507;738;220;332;931;605;60;344;940;743;581;174;824;753;397;339;604;312;441;678;266;815;406;508;93;790;988;526;627;219;638;315;57;381;734;728;228;495;314;691;729;886;147;449;585;489;717;829;711;485;805;626;33;492;422;622;904;995;284;494;702;41;407;703;568;305;981;874;141;403;506;1;56;899;945;270;143;589;139;273;989;424;927;487;98;156;601;224;959;514;458;653;90;795;137;996;361;135;873;325;387;21;317;558;262;400;505;966;676;710;991;222;798;307;949;298;768;71;809;287;23;645;693;656;778;657;193;208;649;42;869;725;369;861;372;779;16;323;909;896;129;17;9;230;279;87;412;285;612;939;417;639;538;620;276;52;858;616;432;516;10;773;837;517;402;862;671;123;610;131;425;697;884;648;735;755;476;614;587;360;416;338;646;660;564;175;226;797;680;77;128;913;577;108;37;924;948;771;455;838;821;583;752;121;942;303;277;625;122;386;946;850;828;772;499;986;527;833;535;150;6;555;532;26;345;879;53;257;929;454;304;186;894;187;233;153;827;967;482;609;807;781;961;27;551;103;983;217;706;750;110;308;379;977;234;782;466;784;247;618;297;923;994;429;294;803;282;842;877;162;91;448;908;519;963;258;144;107;504;246;229;552;973;811;194;906;947;840;859;658;726;100;169;951;573;181;168;356;423;209;197;707;451;366;370;998;926;189;79;712;231;533;457;546;760;83;766;374;269;250;878;92;636;567;800;563;96;440;813;615;652;102;593;88;94;562;40;238;584;254;696;322;25;355;288;751;29;681;113;461;572;876;607;920;692;748;81;272;59;419;613;182;709;731;742;65;286;138;418;732;839;922;603;55;810;404;788;127;171;655;164;472;49;203;892;388;846;265;704;739;159;145;792;342;557;5;674;575;302;473;501;405;328;207;311;843;130;190;392;754;76;300;804;155;261;165;999;184;450;761;640;390;428;362;320;95;819;561;310;453;723;545;783;705;232;118;979;309;972;543;259;631;512;934;377;493;975;871;183;249;351;319;216;765;73;509;578;777;759;796;446;834;700;956;513;172;268;941;687;326;498;736;116;912;357;481;529;244;647;46;0;730;148;99;722;354;548;964;63;701;628;478;35;727;916;762;348;675;984;853;67;198;160;694;380;663;358;185;415;382;490;68;260;383;503;968;452;491;502;78;179;695;289;136;89;72;586;880;399;887;969;685;928;442;378;775;756;20;857;679;119;464;180;85;895;518;971;36;574;624;243;192;384;950;749;3;688;641;917;479;477;511;849;746;44;413;802;699;170;537;921;486;340;32;891;31;592;245;471;740;600;672;82;109;556;952;316;524;841;200;443;462;990;368;863;816;955;61;293;598;334;629;851;910;19;292;882;510;758;133;161;146;718;770;580;733;242;915;720;686;644;50;359;213;253;111;794;776;475;248;411;66;240;812;157;954;218;97;595;106;352;560;151;659;883;437;212;167;855;566;885;15;64;13;976;769;290;823;764;767;154;347;152;864;24;414;642;534;965;376;336;888;617;324;313;902;385;296;177;331;11;542;70;547;590;431;597;670;958;124;45;666;741;223;905;662;237;173;799;34;301;576;281;460;606;267;793;62;488;394;445;125;997;132;822;721;195;408;398;166;335;651;780;661;274;831;897;530;389;341;689;114;632;353;2;847;456;814;80;673;901;467;117;349;541;579;960;12;708;667;306;848;844;444;84;867;596;252;523;668;149;515;525;140;280;684;373;346;391;459;698;433;158;957;898;54;594;47;938;826;914;500;602;900;120;544;953;522;327;571;430;299;343;14;932;713;588;8;321;420;832;427;363;435;554;43;591;468
layout:nlp:default:29886a50d55cfe77a9497bc906c76ce9,24;835;606;618;924;717;550;846;475;630;155;294;668;807;466;557;393;376;858;850;611;570;165;662;774;958;837;738;46;584;193;262;185;803;919;824;922;855;892;802;610;456;189;292;744;589;637;782;883;870;487;871;981;381;656;544;305;403;329;863;37;681;140;536;799;423;683;115;588;658;706;977;86;49;729;946;351;806;552;881;905;269;282;366;645;964;825;207;759;424;21;347;62;45;52;206;751;869;2;957;580;99;725;54;925;791;490;768;953;313;372;328;842;938;769;66;890;512;885;0;473;836;514;971;415;997;200;242;940;882;33;390;18;221;336;273;880;691;976;897;628;655;438;26;245;160;945;811;326;961;396;918;730;135;143;501;203;257;896;380;145;804;608;670;561;748;177;51;195;816;784;889;469;967;817;480;176;253;826;306;373;437;651;625;756;133;288;755;243;809;895;712;234;247;834;703;355;861;370;983;401;385;789;593;470;220;696;639;558;127;167;808;3;776;413;822;496;215;947;663;904;646;15;828;843;950;447;693;270;499;483;795;164;569;468;244;402;503;168;980;955;477;457;909;132;181;682;359;272;939;96;280;602;441;518;330;394;845;414;444;47;20;338;862;114;508;399;838;527;277;65;16;231;644;875;578;942;613;19;117;718;204;994;299;968;827;949;199;227;53;146;275;847;640;153;974;364;213;448;548;260;77;780;915;360;694;453;149;969;702;388;286;214;672;634;119;821;316;535;298;660;731;810;985;533;507;623;284;249;419;581;760;604;551;449;886;110;596;353;901;274;758;40;996;805;172;793;61;952;734;462;583;121;264;120;595;268;93;345;59;524;920;636;711;796;427;82;695;191;948;136;458;956;786;80;386;327;574;564;502;638;492;319;612;322;73;94;735;43;70;118;281;64;428;973;216;720;619;7;705;522;664;532;674;461;210;555;622;841;852;125;993;194;435;226;134;400;1;722;951;944;726;417;251;259;778;32;819;333;673;363;72;126;724;144;91;598;407;439;699;142;839;237;276;467;504;513;605;108;368;123;631;241;481;186;943;295;856;315;710;266;585;926;55;721;471;332;775;166;433;500;620;34;505;25;563;745;379;894;615;876;337;339;321;312;539;208;571;529;932;599;334;406;573;44;844;627;704;750;482;878;301;582;197;98;714;451;510;408;988;63;982;676;478;783;812;747;358;488;443;921;781;661;374;762;526;621;463;506;124;183;178;831;687;452;697;116;603;653;302;228;307;801;323;346;632;520;666;267;190;515;833;785;320;173;790;727;556;85;362;6;182;797;13;733;888;992;238;10;398;14;616;754;591;607;719;479;893;777;131;263;112;917;648;28;250;554;128;798;410;349;497;485;48;369;151;770;509;941;188;426;78;761;212;899;853;715;233;310;698;311;101;472;383;528;910;352;879;422;192;732;217;567;9;412;753;545;560;83;757;865;933;576;908;566;860;289;31;460;361;378;592;633;642;324;936;304;36;429;657;371;50;170;409;314;887;230;459;196;523;763;285;254;866;137;641;465;972;431;71;56;708;903;218;12;169;17;60;586;684;990;104;912;930;148;290;740;296;716;283;139;650;38;464;201;873;342;851;436;291;538;450;22;579;913;442;911;103;335;787;654;792;202;669;440;966;906;898;232;252;617;998;357;975;937;102;318;30;709;771;174;418;916;111;629;959;935;416;106;960;713;542;601;348;685;5;818;354;736;27;872;587;493;575;308;87;377;255;23;665;995;340;138;184;42;540;788;79;223;387;577;404;857;963;568;57;559;671;219;261;531;489;970;211;521;69;297;205;907;516;392;317;707;365;979;367;678;635;962;240;454;877;67;236;534;614;35;68;161;498;395;677;914;741;931;225;543;767;445;8;517;157;814;432;624;737;541;113;130;537;235;141;425;89;813;41;746;689;271;156;679;766;279;929;902;74;474;162;344;700;76;343;859;84;278;991;309;405;840;728;686;391;100;90;293;421;884;954;999;547;430;95;180;150;891;553;647;256;158;597;739;325;986;984;389;752;239;92;590;772;484;572;163;382;546;773;989;626;525;609;675;978;198;594;491;987;147;652;800;659;742;154;341;600;692;175;446;331;97;229;159;129;246;107;690;820;75;649;187;248;476;350;209;829;300;849;486;923;848;743;88;265;864;152;927;222;303;965;105;4;39;171;58;519;420;688;815;494;549;823;779;765;934;375;832;11;434;900;122;874;667;356;511;29;749;794;701;868;867;411;680;643;179;530;495;854;397;928;455;81;109;830;384;287;224;562;723;258;764;565
layout:nlp:default:32531d07a084b319dce484f53a4cf3fc,122;715;561;68;414;562;201;498;8;986;774;45;222;401;278;526;359;423;62;501;346;123;972;260;674;543;933;511;103;209;329;285;874;870;778;197;254;629;495;712;736;316;396;884;560;420;148;747;799;640;56;412;518;270;64;885;395;813;720;424;99;479;237;119;790;129;881;317;679;923;650;80;701;79;756;483;922;888;120;207;533;974;915;232;652;753;325;165;358;342;592;948;837;646;581;425;724;356;924;963;914;182;7;680;170;261;467;542;864;331;930;958;426;301;821;18;749;582;504;44;977;460;594;315;190;48;298;776;269;545;579;238;973;890;109;784;772;88;775;216;225;98;322;900;814;297;121;740;149;249;233;820;645;766;478;373;46;616;74;889;5;514;262;320;901;830;859;726;906;956;250;944;942;735;452;658;287;405;265;97;854;217;527;698;133;327;549;692;763;667;306;42;619;242;707;76;965;673;691;928;985;769;758;507;93;263;231;819;509;200;759;513;230;456;352;612;340;386;604;754;389;590;194;492;779;108;35;534;838;289;195;375;941;568;32;722;416;290;20;141;655;782;787;272;410;300;494;436;210;503;156;795;113;384;240;462;947;969;54;731;204;127;174;402;575;226;219;654;852;932;862;829;979;520;510;364;839;809;968;151;631;294;155;704;877;796;573;950;918;477;104;308;801;556;685;229;49;14;284;440;678;153;865;106;84;175;341;163;458;850;135;223;378;676;376;159;530;702;470;999;202;672;65;172;422;147;959;150;535;236;677;978;639;183;689;161;34;917;618;714;211;441;23;58;309;925;181;547;525;586;193;184;433;487;303;235;584;878;708;577;4;253;744;706;264;134;90;764;953;245;468;107;351;286;393;935;540;435;642;1;572;11;186;96;91;220;895;179;112;89;773;993;21;444;143;605;624;670;988;411;169;371;299;761;847;418;266;751;361;70;760;816;427;810;824;94;682;367;960;711;588;154;448;961;891;50;517;949;502;980;643;457;780;60;214;770;990;488;493;875;686;633;808;822;746;835;438;73;818;465;892;461;234;228;447;516;403;24;227;47;176;648;557;546;528;15;212;811;505;532;198;421;125;22;659;803;314;67;879;196;649;480;668;86;475;482;512;9;38;981;321;703;696;694;539;845;538;609;365;627;566;725;992;793;994;626;738;484;831;812;848;558;446;688;81;43;78;739;662;551;755;345;570;967;370;908;489;683;131;246;388;943;681;178;578;466;855;485;833;392;970;823;280;794;752;841;354;27;397;991;600;350;792;248;25;275;189;387;39;834;926;608;587;804;100;334;585;206;407;937;718;757;807;946;343;139;0;866;955;140;439;550;304;660;567;548;858;997;601;12;257;523;872;292;2;621;282;417;657;277;894;936;508;695;69;555;312;281;33;617;188;767;806;791;377;293;241;798;840;497;279;571;897;934;623;802;17;903;92;434;805;51;344;596;491;463;734;705;902;984;271;13;454;239;971;40;360;398;192;36;82;474;333;964;273;907;116;904;869;945;788;243;843;786;647;199;800;130;19;883;419;636;318;836;531;728;635;77;171;415;536;938;381;117;989;53;832;975;283;255;920;745;330;455;687;453;750;860;313;369;815;598;251;6;867;132;102;268;797;160;743;152;310;167;372;353;3;337;459;595;916;85;349;606;887;826;665;817;576;75;656;553;59;962;765;500;873;408;111;583;72;142;305;515;844;911;26;324;203;951;374;846;529;853;338;291;664;721;899;137;162;394;158;432;157;952;355;357;593;630;256;727;931;723;406;732;748;115;762;348;224;437;319;987;187;996;912;684;565;431;87;173;399;620;296;95;544;693;55;599;267;552;71;451;597;541;661;602;205;449;486;861;362;247;700;83;145;785;469;699;180;580;307;28;569;632;634;118;827;428;939;842;302;559;276;164;138;671;737;628;105;663;741;464;910;429;400;258;591;496;733;390;966;368;851;709;522;893;391;607;379;29;611;382;328;41;124;166;614;445;777;574;215;63;625;110;716;146;856;713;730;563;653;697;849;326;783;177;613;675;404;101;472;476;898;771;144;957;644;982;666;603;323;288;339;929;506;473;868;30;905;471;409;221;589;863;638;927;126;168;10;913;615;857;136;442;16;218;521;335;622;295;385;880;185;554;882;637;450;259;380;983;729;332;128;66;57;998;641;871;828;191;213;690;519;383;443;244;896;669;499;995;208;789;413;363;710;366;921;336;781;252;31;825;610;481;311;976;52;524;940;651;37;719;347;886;537;430;919;114;909;768;274;742;876;564;61;717;954;490
layout:nlp:default:38524e2ff135ded55b5286407e7af6b7,381;416;891;705;997;770;665;137;161;28;500;230;497;69;114;41;309;166;39;333;178;87;419;444;909;338;330;334;843;657;896;870;581;731;26;992;933;246;397;590;484;84;648;79;267;754;979;279;697;887;990;475;640;154;751;560;854;316;611;653;757;593;557;365;406;447;253;367;421;692;784;756;932;445;83;430;577;565;483;426;736;47;876;21;879;712;0;917;911;150;23;477;408;672;883;184;57;694;320;978;189;19;425;558;439;139;276;613;435;606;906;633;761;861;185;31;325;313;996;15;151;107;923;568;224;450;117;286;258;725;630;136;573;530;35;288;687;242;726;143;647;360;907;239;747;431;473;461;81;64;535;218;297;910;681;459;795;720;890;810;205;540;612;763;966;236;877;973;820;848;743;927;396;574;660;411;263;583;836;718;85;480;40;524;607;986;862;410;591;902;544;165;252;532;595;103;857;678;614;940;793;131;13;442;399;392;864;673;109;467;27;949;823;659;964;213;233;587;775;34;954;383;9;798;326;880;115;498;759;485;728;337;44;791;141;323;277;972;339;856;608;48;351;380;446;658;282;869;991;764;306;901;852;851;550;570;129;86;204;65;868;623;122;163;287;597;919;588;893;460;749;556;303;975;153;519;942;719;221;215;63;536;190;158;321;335;809;762;884;946;7;124;125;832;119;555;361;667;780;724;370;988;18;841;417;515;948;206;275;755;802;208;46;734;815;930;37;818;212;68;779;631;195;280;251;950;865;132;985;384;343;299;304;260;52;274;393;127;860;858;853;774;589;816;152;168;159;513;144;93;548;677;537;808;822;97;377;462;523;752;120;148;562;310;91;121;601;407;671;312;264;651;951;470;250;466;96;50;133;959;469;170;474;871;108;733;559;863;582;162;368;255;760;441;345;839;302;424;198;181;61;388;270;825;783;539;670;789;998;961;318;261;174;717;186;619;994;831;262;187;746;835;156;113;353;918;668;945;265;433;10;269;247;191;240;669;292;126;229;561;679;495;219;638;664;289;314;708;171;618;414;740;284;875;522;295;106;943;29;983;369;666;501;398;382;730;928;603;913;463;566;465;512;315;636;897;507;20;160;254;244;100;45;443;172;248;488;542;579;650;962;702;16;642;146;157;792;17;514;914;750;541;873;449;340;76;849;584;834;437;788;777;322;228;70;695;787;999;813;226;737;354;981;4;452;329;231;350;661;567;400;77;427;934;807;332;929;92;481;281;225;878;164;956;179;362;571;373;5;569;486;882;520;785;925;814;476;245;98;604;209;99;957;800;732;941;25;301;80;176;273;123;307;806;713;266;6;232;387;599;199;833;422;404;291;654;328;105;436;283;920;415;296;376;765;294;952;308;812;744;676;364;625;674;840;428;508;655;482;922;402;58;769;403;629;371;698;600;790;72;285;104;372;305;594;549;217;33;592;926;1;378;395;710;249;200;738;803;506;173;259;688;234;953;711;716;496;14;844;54;32;684;468;22;227;776;169;521;149;686;533;472;509;55;3;874;905;342;819;534;955;735;682;51;220;89;336;580;502;8;59;456;605;576;319;453;753;493;745;546;526;183;627;700;554;715;824;36;238;140;331;626;547;300;741;357;742;432;346;145;24;872;271;529;188;921;298;155;511;620;944;553;641;635;888;801;268;423;622;995;772;894;616;645;727;693;960;327;180;984;586;142;42;82;175;811;610;821;56;194;794;471;703;429;401;71;60;572;494;101;916;203;135;11;898;881;615;903;767;739;256;644;805;75;207;503;202;663;828;845;617;457;538;543;699;30;721;390;778;201;66;379;912;915;977;374;451;290;528;846;12;866;355;389;196;237;706;939;585;385;904;936;652;842;690;147;375;489;74;768;193;197;900;458;38;356;525;908;643;575;293;817;102;758;656;434;216;78;993;243;598;349;971;409;53;830;177;552;987;118;799;989;317;341;847;210;505;850;405;924;628;67;937;272;551;609;649;696;781;454;899;2;73;499;748;786;359;94;192;348;347;782;967;976;709;223;130;691;680;478;829;278;714;970;391;773;116;683;889;974;545;855;479;88;634;931;358;646;412;639;527;895;935;504;707;947;804;859;689;90;241;892;440;729;235;352;491;722;958;344;624;138;311;982;167;211;827;222;531;516;771;662;969;837;886;965;596;386;418;518;324;963;455;602;723;128;413;492;885;517;110;394;701;257;62;938;95;490;637;797;826;675;980;214;182;968;366;464;621;49;796;134;564;867;448;704;578;685;438;510;563;632;43;111;420;766;487;363;838;112
layout:nlp:default:3a0c5517a87df8d82fd637b83298a3ba,968;259;131;148;472;507;120;479;286;569;667;434;520;897;445;244;656;243;857;195;919;54;760;532;640;946;168;611;439;275;842;843;985;942;320;122;59;354;848;683;308;810;372;865;407;751;756;976;396;91;557;864;931;306;772;514;481;552;4;70;821;742;478;271;785;679;541;817;60;711;486;969;717;21;991;753;763;678;794;289;929;123;220;863;145;173;915;491;493;590;747;908;456;831;329;160;340;745;80;726;563;506;723;390;182;868;977;341;825;468;110;571;249;330;374;8;895;832;430;11;213;958;334;397;687;218;198;869;617;411;531;545;272;39;736;104;327;51;255;16;975;658;455;362;959;521;754;529;231;497;685;484;431;463;699;189;538;990;454;490;913;466;17;836;373;313;363;465;98;310;52;648;902;623;624;421;829;861;457;924;702;920;71;9;97;879;5;106;709;994;923;284;618;1;948;44;69;934;932;130;900;412;86;462;205;554;894;784;916;535;536;207;889;199;223;707;830;113;833;322;594;206;268;752;911;413;114;239;812;509;127;621;510;757;181;415;162;33;348;281;67;1000;813;938;353;905;593;297;641;174;269;965;619;610;172;606;395;117;645;967;379;644;922;371;853;665;724;303;38;525;453;323;802;609;428;368;773;485;147;152;142;818;907;980;530;949;185;125;515;516;279;153;461;649;846;312;781;650;722;302;409;655;165;700;771;324;81;783;235;800;728;309;46;316;558;696;229;458;750;598;22;37;878;65;225;816;49;528;238;361;352;414;63;548;53;480;705;385;192;522;356;720;32;280;953;815;179;473;405;14;533;288;359;735;450;448;886;406;716;175;661;674;616;319;890;689;957;89;381;974;909;898;642;562;675;115;725;730;620;940;101;178;100;19;109;366;885;927;681;776;524;404;823;305;566;12;291;766;326;944;847;298;464;386;880;57;342;261;276;561;351;840;954;808;73;436;835;217;971;253;321;537;684;380;586;476;394;79;691;759;904;519;496;333;20;228;233;539;500;282;602;184;427;573;963;64;132;888;347;666;214;443;791;570;154;749;166;202;23;338;88;176;979;981;211;801;278;451;408;82;336;18;740;377;204;518;417;157;254;859;639;242;918;236;483;150;42;459;670;743;819;764;296;393;578;983;201;370;388;559;550;135;628;186;134;579;34;553;884;657;349;669;502;469;403;789;62;47;549;503;301;937;95;43;899;780;85;159;575;626;694;119;240;227;698;995;128;820;677;257;151;653;190;102;121;492;793;560;93;26;418;936;167;876;311;600;74;144;435;489;871;112;137;713;849;129;597;274;105;727;108;613;2;237;565;45;141;494;423;874;850;631;425;748;526;790;952;200;912;389;346;304;608;910;444;856;787;78;55;133;960;505;87;299;400;992;246;914;437;83;250;797;265;591;419;577;90;215;332;13;426;219;245;732;399;834;193;733;56;588;317;31;870;921;826;636;596;357;630;197;355;734;659;149;116;96;605;551;118;221;883;555;580;947;27;345;364;803;293;917;29;222;939;183;210;339;15;40;986;875;314;966;634;798;926;126;376;824;806;511;839;335;943;673;156;614;774;264;585;638;729;470;295;429;158;155;77;693;567;574;712;646;970;180;266;603;241;955;852;495;775;582;770;652;615;901;474;997;827;441;680;956;632;161;75;761;860;692;604;807;841;887;964;714;3;534;662;140;41;10;68;862;950;358;978;629;164;676;467;230;855;460;663;124;292;595;111;962;343;543;625;482;136;828;845;487;547;892;906;804;706;893;325;792;273;384;746;350;739;928;721;896;477;224;35;584;769;7;307;163;851;209;873;294;260;424;398;786;449;248;877;194;809;315;171;226;285;420;6;24;263;61;822;872;488;583;671;627;925;768;471;811;92;169;365;941;731;982;660;972;704;881;601;48;523;499;987;247;867;234;782;287;814;961;103;232;447;542;318;719;438;767;383;369;76;838;517;996;402;203;442;935;779;737;258;854;682;607;654;367;446;703;988;392;701;267;94;277;360;777;331;695;540;139;984;432;544;858;378;564;498;191;599;758;951;475;256;170;433;84;99;387;440;72;589;58;690;212;283;882;651;998;799;290;216;410;993;512;501;401;391;576;866;592;28;755;337;989;30;568;708;25;556;622;930;796;252;844;196;50;612;107;738;146;686;0;422;328;643;527;744;664;945;546;795;138;837;891;36;416;697;375;647;633;778;452;66;788;973;805;903;508;513;765;741;188;672;270;718;999;251;208;300;572;262;668;143;177;637;688;710;581;504;635;344;715;587;762;933;187;382
layout:nlp:default:492c7a94d559aa4a88769142d2a68362,732;905;299;558;638;622;700;832;184;613;136;757;817;758;876;814;536;773;512;425;797;845;360;777;606;111;29;73;59;578;727;850;176;325;577;338;290;809;917;475;762;17;575;90;33;637;139;441;626;759;898;32;121;251;7;885;202;401;497;548;881;755;487;210;744;789;483;270;305;950;224;181;407;827;166;792;448;655;565;954;241;912;24;214;953;653;737;236;543;742;14;702;941;142;630;275;668;546;806;165;810;51;189;85;680;486;831;168;94;550;931;146;795;706;8;751;836;854;887;16;319;676;429;343;624;632;63;437;855;628;83;698;895;351;553;563;397;374;434;663;808;842;921;347;834;559;883;601;204;3;194;847;447;476;784;823;157;267;342;840;717;760;296;145;418;995;105;645;989;664;493;81;552;420;785;79;787;120;538;289;446;919;967;400;786;201;444;839;222;285;169;991;686;199;667;6;455;86;681;924;890;381;323;934;361;180;281;67;409;689;362;699;930;591;932;45;508;767;560;965;589;349;569;140;491;457;914;378;738;291;315;433;776;442;147;900;489;830;803;297;62;853;161;826;405;863;540;328;566;178;243;502;149;23;375;75;4;545;252;846;258;43;9;356;576;365;707;28;880;460;256;383;714;533;740;923;44;312;511;309;801;537;380;245;947;41;481;703;473;311;793;162;234;864;673;981;571;416;526;284;642;718;897;91;110;26;273;27;302;386;580;411;287;430;414;13;348;671;272;211;84;432;659;443;899;994;377;769;469;865;382;959;482;303;398;685;50;525;259;943;124;167;492;521;674;269;505;134;10;260;859;46;694;529;467;217;263;768;647;496;658;190;603;240;549;115;80;277;604;918;879;555;608;518;11;869;615;293;634;753;516;896;960;633;182;329;235;745;96;894;396;466;621;877;358;179;114;977;344;340;980;237;331;640;394;966;920;56;770;464;346;410;783;798;154;387;64;775;844;616;766;88;304;196;406;517;972;503;984;19;650;58;957;350;216;992;878;373;30;848;611;551;355;927;594;48;617;925;586;187;226;244;731;246;280;77;292;961;262;728;122;54;716;42;49;871;72;125;249;581;255;962;693;480;944;468;488;911;570;979;185;704;107;47;321;568;669;705;948;882;771;206;780;213;607;986;490;554;631;579;320;422;999;313;334;100;417;507;998;78;875;983;988;128;209;726;465;366;436;36;495;336;137;531;958;223;119;662;230;324;288;657;857;453;389;636;454;339;385;902;21;208;156;310;939;982;248;426;485;556;478;790;956;888;816;688;317;835;37;692;724;198;951;55;254;712;164;177;295;332;590;39;794;593;514;748;314;69;720;301;821;172;675;933;614;605;89;363;116;261;337;506;330;353;976;129;150;18;471;415;445;266;327;829;435;813;95;843;438;283;872;584;74;805;371;118;599;92;796;364;585;873;93;474;582;774;113;574;609;197;268;908;666;697;734;955;802;229;20;274;370;747;819;973;231;588;148;427;127;804;367;534;547;463;242;504;452;220;99;722;130;690;264;736;532;461;778;424;735;709;200;70;143;472;764;907;192;849;799;384;494;791;598;459;978;643;937;123;660;837;393;828;833;152;132;993;913;852;160;402;232;729;567;399;922;963;602;510;788;629;501;987;227;752;627;207;812;408;25;656;596;163;318;964;479;684;612;856;949;477;756;388;807;929;969;750;170;195;112;203;886;820;109;648;781;945;952;824;173;592;155;205;708;649;600;711;276;403;423;520;725;644;225;990;915;838;306;874;326;221;942;68;458;595;610;345;825;661;1;335;286;413;721;867;583;862;754;193;522;687;971;103;5;65;0;509;652;772;997;765;108;562;449;641;239;171;677;710;683;926;76;12;359;968;572;500;916;352;368;22;719;974;891;730;38;31;34;733;587;818;928;513;135;392;892;940;218;678;535;238;279;672;316;541;357;412;618;53;153;439;866;233;811;391;66;341;141;946;515;910;379;421;354;40;138;257;858;665;60;564;294;61;523;557;52;106;542;151;909;761;308;450;884;126;484;253;868;739;428;654;861;623;619;307;620;376;741;746;851;970;713;298;860;749;431;98;102;82;723;639;333;278;15;158;322;300;985;404;186;271;530;646;815;682;499;175;527;191;57;440;701;841;228;782;219;893;695;174;250;996;870;561;670;2;822;183;159;715;97;936;456;390;131;903;104;938;419;539;743;470;679;573;35;901;369;144;935;247;889;906;779;524;133;800;101;87;188;372;691;117;904;528;696;451;763;462;625;519;544;498;975;71;265;215;635;395;651;282;212;597
layout:nlp:default:58cc2e418c3a8a19b871e15964b534ad,784;551;608;683;111;936;42;283;184;476;187;491;657;162;561;185;248;889;278;640;349;457;859;987;275;28;923;579;544;717;927;981;477;797;945;980;854;158;50;440;909;752;74;141;662;758;793;486;143;115;487;445;898;295;242;23;88;794;62;229;959;297;632;864;391;501;65;856;760;304;690;650;507;554;357;142;337;670;988;228;471;746;530;413;713;257;844;627;903;850;868;899;902;885;131;822;780;929;960;583;384;771;119;461;394;293;954;469;273;300;6;573;15;156;458;648;834;176;344;508;120;177;451;279;328;347;637;788;103;76;105;99;974;312;429;652;707;268;617;236;534;398;833;901;800;730;781;383;53;836;735;769;499;790;932;892;596;78;220;364;827;950;495;369;25;393;881;638;922;655;815;161;601;310;549;725;785;824;779;886;712;606;783;522;382;862;563;378;804;743;557;598;416;751;798;441;296;269;934;604;61;996;830;183;502;930;615;527;442;976;286;263;260;786;116;977;85;993;703;565;734;764;277;423;531;396;839;511;444;214;904;114;473;679;254;543;319;350;390;590;845;443;970;354;953;782;180;851;169;422;63;224;172;414;157;412;165;944;361;288;975;431;246;18;59;472;479;905;265;358;778;873;467;211;733;104;485;515;537;858;194;711;774;5;173;133;44;675;282;626;677;428;706;907;17;204;900;225;918;616;231;77;789;979;956;566;630;592;925;392;239;478;610;455;250;559;777;243;588;159;360;951;202;523;454;644;266;222;33;878;124;135;433;2;29;529;718;226;195;489;503;919;525;54;921;186;140;317;75;212;556;218;308;863;380;744;189;572;49;45;550;191;999;292;47;294;404;686;314;252;761;403;538;174;915;957;318;791;316;287;581;465;113;702;576;188;739;910;814;765;434;946;79;875;31;838;289;994;594;399;808;516;846;334;895;687;379;699;302;492;123;584;37;990;948;533;716;178;490;351;325;303;958;852;284;475;81;722;938;460;692;285;192;453;253;144;991;352;682;855;654;748;719;258;51;69;426;117;456;497;689;167;420;893;578;430;753;767;613;986;166;997;199;568;982;27;356;34;757;700;614;215;926;693;813;66;271;553;869;70;207;688;755;153;8;227;721;870;421;43;339;427;628;795;484;305;171;536;366;891;513;908;10;967;482;635;591;367;437;345;762;450;580;388;385;772;879;673;483;315;806;274;181;238;125;890;90;913;848;198;727;342;73;720;504;802;84;348;729;11;256;520;381;80;32;555;663;83;853;452;313;906;496;415;4;87;668;402;641;255;805;634;825;474;163;728;368;221;698;108;506;681;387;359;914;244;849;311;92;773;107;646;24;542;241;649;446;240;291;200;985;759;620;89;436;949;149;661;642;541;876;321;787;812;448;942;540;449;989;624;340;676;362;684;330;691;664;343;709;694;148;306;338;190;136;685;567;333;961;526;307;672;232;872;820;574;493;569;871;968;30;832;973;602;521;13;831;100;480;341;917;571;145;320;888;701;857;609;16;118;564;276;463;208;545;500;770;1;695;435;280;137;41;826;39;560;611;151;656;409;880;877;843;272;267;335;937;12;577;669;205;665;710;270;860;732;209;597;742;425;841;134;775;46;418;625;828;612;193;622;570;586;52;754;618;965;940;264;796;235;928;216;747;21;514;799;57;223;978;109;512;400;653;150;9;575;998;19;138;562;372;745;894;98;164;532;883;659;935;539;213;281;64;20;462;419;897;651;667;952;234;0;696;424;593;498;147;299;376;546;835;535;750;309;301;823;210;776;840;40;865;916;619;621;510;704;389;22;955;738;170;86;552;201;697;219;67;645;984;708;837;983;519;60;160;737;128;127;660;488;821;459;595;377;370;38;130;373;494;589;386;939;401;175;122;547;674;963;35;731;247;468;658;524;182;558;995;3;408;323;947;924;882;439;766;629;966;866;912;129;792;518;322;643;941;196;723;768;91;407;671;56;68;470;71;326;817;920;101;26;726;887;139;969;58;607;146;819;829;336;736;874;375;121;636;505;801;346;931;365;582;992;749;867;605;206;410;432;355;600;971;962;94;245;126;714;763;464;261;197;374;112;327;603;631;847;548;168;741;411;154;132;678;647;14;438;724;353;740;290;82;237;639;230;251;233;803;816;842;715;517;155;97;102;262;896;585;666;405;680;217;72;324;528;447;972;259;329;332;417;633;466;943;756;152;395;818;481;964;298;93;861;249;203;933;911;36;811;95;55;7;331;810;599;179;110;705;509;106;406;397;809;48;363;623;96;884;371;807;587
layout:nlp:default:60880ed76de53f4d7a1b960b24f20f7d,427;325;140;96;680;621;253;533;728;146;358;719;655;737;276;797;557;755;23;901;376;30;419;945;171;934;802;105;543;320;286;905;481;354;572;147;11;390;240;910;665;703;735;116;872;104;34;263;581;152;72;870;961;508;977;912;959;619;158;657;798;601;666;421;774;387;979;790;369;493;40;66;122;408;832;922;914;125;37;135;302;272;9;150;840;489;202;796;757;160;432;531;212;461;920;167;233;902;510;967;136;913;890;277;143;707;860;805;722;453;509;264;671;573;144;221;699;768;918;201;92;10;602;721;617;682;420;400;626;460;484;243;78;370;378;458;561;238;115;746;308;733;259;349;297;199;994;917;585;62;556;642;763;685;765;191;700;948;766;108;534;837;261;724;739;452;600;689;742;523;996;933;950;988;236;53;251;24;751;472;442;800;954;411;412;424;598;300;109;287;190;946;435;697;43;304;415;337;622;718;121;486;748;7;592;560;616;128;485;365;179;857;18;471;440;228;293;929;741;599;891;441;580;47;434;254;341;998;29;457;290;175;203;340;355;346;586;720;999;587;492;799;551;309;448;607;482;881;95;962;395;964;745;192;344;576;853;706;714;470;469;131;990;306;978;729;399;594;670;185;944;172;342;134;972;422;634;76;565;969;181;753;58;544;282;903;436;821;786;532;615;555;773;84;15;540;541;69;139;825;110;21;65;27;928;858;636;321;716;627;386;214;550;926;333;623;814;535;368;767;839;566;195;80;684;504;518;126;578;520;153;403;743;957;327;207;301;866;717;686;563;908;575;588;246;270;611;793;851;313;459;916;213;296;956;142;785;310;919;899;883;331;723;79;559;8;930;887;328;463;681;330;760;55;406;677;208;97;169;348;809;288;132;907;628;614;338;641;454;596;965;831;769;439;255;516;165;812;515;897;691;567;850;416;688;951;656;273;736;265;756;35;166;392;997;118;397;483;693;877;437;388;229;502;639;648;512;874;93;521;429;784;833;70;112;513;1;299;524;22;992;674;137;475;558;542;280;953;103;217;204;283;447;71;54;582;425;154;675;939;570;632;120;391;423;975;595;625;430;867;4;335;226;285;401;247;189;351;478;39;610;749;267;350;99;783;633;823;620;921;894;322;88;569;426;111;0;758;864;856;761;245;963;159;507;90;989;33;114;780;618;67;970;885;26;494;789;564;574;538;266;754;547;606;952;935;377;669;775;982;781;505;56;404;141;384;382;173;396;256;795;68;383;577;464;816;817;363;219;87;433;324;630;409;672;127;604;407;810;529;770;647;645;52;942;211;815;234;428;44;278;474;568;281;156;60;373;731;45;289;449;862;787;352;705;275;133;854;715;923;841;987;983;465;886;892;317;828;985;747;123;893;61;530;906;360;16;981;260;552;904;554;624;227;511;506;216;519;683;991;193;488;777;941;468;668;878;792;17;177;526;235;499;258;750;252;417;81;819;973;164;690;295;635;64;852;367;444;818;329;931;605;579;980;826;638;59;546;662;182;548;487;993;491;326;727;865;678;176;771;652;701;357;347;86;155;909;943;649;740;676;658;374;659;345;438;726;462;210;925;168;224;106;332;643;976;318;712;875;356;381;456;151;898;359;497;882;801;305;646;955;14;445;911;514;835;855;241;248;239;231;101;562;924;119;788;734;209;889;938;698;284;94;687;679;702;225;498;398;612;32;232;503;704;25;479;311;949;590;966;129;896;198;589;334;593;806;830;879;744;220;861;431;187;525;986;932;117;663;319;91;312;242;180;364;38;654;984;82;48;834;597;375;414;473;443;936;694;451;496;63;372;571;732;500;402;873;808;501;836;307;323;41;298;467;869;937;222;162;379;583;968;418;446;42;292;161;609;130;13;205;584;353;100;303;389;413;820;695;779;947;36;20;194;813;495;847;673;653;752;250;206;650;339;184;664;713;762;74;995;476;2;405;50;778;782;371;759;361;31;880;517;124;279;822;603;958;6;660;157;178;385;730;480;196;343;613;186;849;863;362;75;49;249;692;188;522;477;230;163;711;394;842;315;900;644;466;102;708;631;336;871;316;89;794;271;845;77;57;843;536;12;490;884;274;838;46;545;98;197;145;829;149;804;553;51;174;960;772;725;807;827;450;294;824;170;257;539;85;776;215;19;915;5;971;811;83;455;148;927;651;244;223;876;738;262;710;528;640;107;237;608;940;73;974;844;268;667;803;709;549;269;764;637;591;848;28;895;393;791;113;846;200;527;291;859;888;537;696;218;314;661;366;183;380;410;629;3;868;138
layout:nlp:default:6c1101f6231f4d1722c3b9f6d1e25026,199;308;140;336;5;902;982;678;425;22;200;618;834;555;400;475;255;374;779;488;224;251;776;358;876;492;923;997;369;435;37;774;331;525;872;213;832;254;451;989;897;291;852;827;163;84;99;234;160;144;191;468;646;914;148;858;563;183;829;582;949;422;621;23;46;505;353;530;180;893;653;592;150;507;53;557;860;896;815;302;635;404;58;395;232;523;100;875;763;18;458;378;364;647;999;580;240;162;56;138;320;322;460;270;497;193;259;421;961;457;426;932;74;990;287;347;461;188;800;415;493;784;792;329;723;241;629;790;210;510;867;584;994;730;576;365;95;946;76;680;60;275;218;215;578;423;466;237;986;366;560;4;35;588;484;810;81;547;256;568;96;802;209;822;787;737;107;606;641;71;814;452;539;464;956;979;137;816;391;537;666;567;738;835;225;910;586;59;222;216;599;724;720;597;921;544;266;130;694;901;528;936;403;16;854;865;626;168;33;649;321;170;614;527;732;55;388;513;146;928;559;873;741;9;718;303;3;656;913;47;533;765;981;894;708;524;952;286;501;309;187;630;93;757;420;139;263;762;564;733;674;704;25;221;40;908;57;905;866;608;795;745;470;640;581;268;80;761;660;659;740;344;904;123;768;453;508;118;506;532;502;520;13;947;250;370;595;153;120;643;51;590;149;861;807;663;355;64;103;442;808;189;667;831;978;977;593;554;478;991;610;672;172;169;335;437;654;833;963;985;90;485;38;750;260;998;392;171;359;644;953;609;553;471;806;514;82;42;591;8;257;280;664;605;676;844;127;622;463;349;748;262;147;934;700;546;7;339;429;515;202;439;713;550;97;823;579;249;886;710;673;801;955;842;862;24;204;948;668;698;837;61;890;373;39;794;325;992;288;719;853;714;129;271;769;871;504;441;965;313;330;109;386;920;691;440;289;430;623;877;294;159;385;179;382;372;883;857;387;52;783;868;490;937;21;28;496;131;88;689;840;777;306;305;173;975;499;412;813;394;594;686;17;825;541;684;192;75;638;31;66;230;536;625;526;534;328;332;19;208;14;194;177;766;206;73;682;48;725;518;743;706;248;54;566;357;207;246;826;786;229;631;106;296;480;651;558;434;830;432;342;327;132;384;849;670;596;298;669;272;942;911;136;717;495;753;574;161;184;333;633;253;628;310;958;428;881;968;145;855;30;274;756;522;449;954;980;601;105;446;935;236;637;482;931;242;407;962;121;959;906;211;702;281;870;67;697;0;380;36;824;350;677;739;636;627;494;304;687;12;632;773;311;976;589;267;624;577;258;878;561;864;376;409;334;375;252;219;443;744;79;398;805;472;368;195;930;69;406;111;970;116;747;839;143;399;950;964;390;847;642;760;775;863;411;573;521;465;615;715;661;175;29;459;788;604;933;11;418;703;126;551;1;354;448;416;912;450;235;727;462;186;393;679;158;695;113;709;152;966;780;26;77;134;279;754;119;182;892;772;431;565;817;141;764;587;919;226;575;699;112;283;722;665;444;585;419;820;108;511;939;620;383;929;693;895;284;658;278;155;742;683;410;133;746;891;681;156;529;469;43;711;556;447;903;50;117;319;190;927;212;675;548;972;205;167;68;367;662;671;909;326;818;755;889;634;338;345;433;377;736;297;570;613;408;770;20;531;729;276;282;819;92;987;922;571;512;91;233;791;924;918;782;473;337;62;343;974;519;540;945;318;804;874;899;102;203;214;838;828;836;292;164;381;135;971;940;261;401;413;467;517;361;178;87;993;603;181;483;424;264;356;538;454;78;650;63;845;324;243;925;128;293;983;988;639;809;166;487;726;290;85;500;445;273;799;363;489;104;227;846;569;938;888;759;197;417;396;477;951;479;960;767;916;652;657;841;712;926;900;340;362;402;98;228;735;751;688;239;474;821;771;405;174;115;125;44;616;785;455;49;15;285;869;843;562;789;476;545;70;915;798;898;887;2;317;315;884;196;414;944;397;696;32;101;611;973;223;503;83;617;749;486;543;721;781;793;6;231;572;299;705;728;323;316;269;86;943;341;996;882;481;797;498;612;984;360;122;879;907;165;142;151;535;89;65;701;803;957;352;619;796;692;552;10;247;265;648;245;277;436;438;600;185;346;856;967;198;850;995;685;379;602;778;427;917;491;244;300;351;456;45;859;690;969;176;848;154;583;880;549;509;72;371;307;114;348;734;94;707;312;758;201;752;220;41;389;217;238;598;314;301;34;716;607;542;731;124;851;811;655;941;110;812;645;27;157;516;885;295
layout:nlp:default:7105451001e119f65b66570d170b94a8,812;95;404;944;684;142;17;176;395;663;32;720;116;519;258;804;30;220;936;793;111;9;918;855;980;67;459;976;6;498;488;482;517;280;530;819;339;608;685;710;580;338;561;126;274;209;863;771;502;572;390;635;378;284;624;77;991;763;62;113;962;349;606;947;659;21;183;265;546;3;541;719;415;206;822;927;522;951;510;577;396;503;576;156;679;202;641;401;397;249;583;135;903;667;219;913;46;405;946;860;963;756;648;127;824;743;89;906;817;564;269;97;438;722;38;234;773;104;281;555;414;247;616;846;788;19;505;491;27;180;653;733;456;170;840;966;24;607;997;662;245;376;914;540;507;238;223;990;175;48;108;729;978;598;753;377;631;656;628;844;611;949;271;518;473;849;20;744;189;673;856;151;73;403;357;160;440;389;506;972;295;961;544;814;394;310;149;830;434;888;579;752;895;550;820;509;943;335;366;257;489;370;513;282;923;145;873;847;92;566;86;381;360;797;853;602;205;136;681;476;342;687;862;379;312;586;704;326;779;152;785;907;973;307;525;333;571;742;387;25;439;16;8;706;167;386;139;772;121;776;971;834;383;133;248;511;952;399;697;292;765;745;352;291;777;497;413;65;959;551;236;461;698;942;39;449;661;626;490;695;982;802;43;373;854;78;592;237;562;792;789;123;732;418;168;520;882;816;883;229;950;730;920;501;964;531;680;711;818;588;359;26;539;528;495;931;402;445;406;470;547;638;939;109;55;669;425;693;735;417;867;884;42;350;787;672;799;999;429;945;364;969;140;993;130;105;734;469;190;72;977;213;316;737;749;161;630;485;455;833;137;689;740;643;957;872;536;612;82;279;203;836;644;144;385;263;125;436;198;471;36;0;324;686;599;652;828;664;58;556;287;499;480;400;768;98;103;467;233;967;128;925;909;651;345;831;851;486;935;200;59;515;759;865;204;13;668;61;230;526;889;252;35;222;384;874;543;162;595;866;314;917;666;114;940;981;610;877;49;303;435;44;885;713;218;372;217;277;496;726;462;138;557;986;424;974;985;896;344;452;181;201;751;475;910;178;803;153;166;10;22;52;308;56;587;297;332;775;163;764;81;898;184;901;432;315;305;774;871;582;636;904;747;800;146;968;290;4;346;14;255;107;842;605;50;134;101;574;958;391;655;750;477;989;241;825;270;464;654;581;492;1;500;568;375;707;71;657;887;182;523;301;911;147;41;658;337;472;416;302;839;347;527;174;761;864;715;621;618;640;537;110;754;448;239;351;29;567;398;276;31;380;23;169;837;835;634;996;676;155;671;430;328;535;596;319;721;609;420;850;412;129;199;393;696;677;354;102;876;757;724;323;552;330;861;474;741;419;226;879;808;409;930;28;60;670;941;426;712;94;908;90;115;512;549;341;69;300;650;933;905;212;703;235;365;731;594;554;428;325;33;937;120;613;569;760;784;361;327;88;343;362;806;798;623;150;691;215;919;444;560;736;615;296;100;870;994;304;34;340;141;2;57;457;796;117;738;725;119;272;369;231;723;225;463;929;75;382;177;192;453;717;188;678;227;810;575;132;411;916;922;597;827;243;758;869;285;158;953;96;11;437;508;897;317;494;267;447;558;534;148;660;746;995;801;159;53;811;329;185;83;194;637;593;244;250;786;124;954;210;179;604;431;187;992;646;766;392;478;845;514;682;68;51;91;165;240;714;336;600;516;157;232;173;268;965;353;260;85;122;584;450;131;214;832;99;484;487;468;529;18;66;619;331;443;306;84;407;87;642;367;74;748;479;358;868;374;76;186;591;886;112;573;37;821;465;955;264;288;261;553;875;838;442;960;118;278;262;299;932;675;54;622;688;823;690;451;311;716;783;708;938;880;251;433;728;504;565;900;481;617;665;197;106;852;45;928;63;563;193;172;454;12;826;890;427;368;542;15;355;195;283;298;629;739;228;795;259;408;164;493;694;794;639;970;224;857;987;899;242;458;762;813;603;809;483;589;647;313;70;891;421;770;79;892;208;858;975;843;275;984;983;767;559;207;709;781;363;848;216;649;881;466;755;632;356;322;705;620;524;293;253;441;956;627;40;815;601;410;769;948;422;320;893;701;7;334;841;790;829;988;702;614;718;521;321;532;894;254;545;309;64;371;645;318;5;538;926;859;921;924;171;979;578;289;683;590;221;548;266;915;585;286;388;143;778;273;570;934;780;196;446;902;692;912;348;878;47;998;700;533;699;294;256;633;80;782;154;674;807;791;191;805;246;625;460;211;93;423;727
layout:nlp:default:71b79ca6db513e7979c3702c595150c2,606;30;474;391;786;989;899;579;67;495;497;199;64;864;645;361;652;268;48;129;363;264;801;263;809;236;621;274;665;906;437;684;155;260;641;840;470;926;316;943;45;555;819;582;132;708;196;836;718;662;424;350;16;142;74;319;720;962;776;220;168;953;340;909;57;18;746;469;933;812;852;175;849;727;935;931;744;441;244;748;761;404;685;192;755;602;522;803;266;564;47;545;299;847;205;188;568;610;756;604;788;355;629;401;415;608;480;749;23;194;275;922;666;920;113;265;186;386;339;890;821;75;190;702;291;897;458;365;595;240;633;955;928;311;397;285;699;233;605;539;961;416;591;891;426;877;986;766;210;96;717;642;760;271;19;648;913;587;295;305;577;802;679;638;110;968;950;600;11;167;396;607;867;499;496;998;807;485;549;640;706;892;312;91;504;672;297;983;461;84;69;34;732;646;68;580;681;846;964;417;406;999;603;975;871;815;20;796;893;932;89;573;627;273;775;814;55;22;921;87;116;698;500;399;636;70;687;631;410;80;178;743;292;752;346;383;203;947;150;280;542;491;479;818;649;173;966;885;723;866;122;501;667;256;745;878;208;217;597;115;827;169;785;651;436;112;447;482;262;378;696;628;445;242;137;230;423;903;213;726;375;984;569;934;31;822;176;342;780;65;24;738;647;382;503;85;76;730;970;124;151;72;109;669;177;170;131;106;172;389;688;258;438;452;481;422;317;691;400;813;209;618;473;270;967;359;333;952;844;431;42;308;512;403;193;187;737;784;559;644;861;514;3;156;101;214;533;36;328;671;373;184;2;682;837;25;974;247;102;789;850;741;39;354;157;693;119;912;948;617;973;234;140;254;589;395;50;654;739;969;251;658;794;904;526;134;835;838;52;141;440;272;427;575;736;434;880;351;800;304;239;505;15;408;477;62;661;692;511;95;283;46;515;941;43;241;123;697;484;26;882;453;418;145;223;117;146;114;82;599;376;694;384;509;724;318;307;707;596;33;653;330;889;548;255;71;392;793;929;634;224;152;367;609;494;643;279;624;770;243;10;143;81;538;40;994;956;347;616;528;734;302;853;879;978;310;97;759;136;99;637;488;126;329;668;917;78;532;486;673;248;625;733;772;212;284;108;228;529;218;997;227;976;860;896;219;331;623;8;524;513;313;301;869;747;963;198;336;588;21;689;111;771;245;250;703;125;13;521;197;446;492;902;971;858;281;757;910;94;704;751;59;191;343;41;540;135;288;650;581;154;982;541;563;374;945;463;683;489;566;276;518;574;585;371;567;883;980;799;425;553;824;398;594;946;870;298;73;432;951;714;911;439;490;791;153;77;930;385;854;942;990;939;435;413;598;381;238;936;993;253;523;516;216;992;287;352;369;326;443;613;349;768;163;808;409;795;246;44;839;798;551;774;841;444;327;93;225;189;859;825;972;886;554;900;466;884;475;60;455;478;502;804;806;322;728;562;472;527;103;296;202;323;0;924;14;905;614;700;56;17;593;35;507;620;855;259;676;171;550;979;83;811;925;908;758;161;277;379;765;546;544;583;742;901;525;183;29;290;995;781;601;655;306;713;572;88;630;949;377;98;918;659;139;249;252;414;221;498;433;831;778;257;121;874;465;148;7;450;204;231;358;876;232;195;615;675;954;315;471;729;394;868;872;740;656;487;158;578;448;476;63;325;919;467;678;144;107;105;657;787;674;857;635;460;345;293;344;731;380;805;356;133;845;830;393;820;506;547;493;211;552;887;556;660;960;166;769;907;201;185;300;366;338;370;51;165;364;754;560;898;138;725;12;468;483;32;797;561;895;842;337;282;862;710;779;988;314;368;531;790;334;690;762;534;419;677;9;320;104;387;996;130;27;464;916;570;405;719;411;160;147;881;829;430;388;680;722;164;118;701;716;619;459;38;709;120;269;664;508;959;174;37;286;586;457;428;79;888;222;407;843;510;965;420;454;763;571;6;753;66;357;200;764;735;61;985;590;536;670;991;341;28;267;810;558;894;875;128;927;412;663;402;957;938;86;520;54;309;873;90;782;456;848;261;226;705;639;851;611;294;773;92;332;592;823;100;834;421;1;5;915;235;348;127;711;828;721;937;826;977;159;278;817;4;832;182;49;303;181;335;289;767;390;944;215;449;792;543;777;865;958;372;576;537;940;442;53;981;462;914;686;712;149;519;565;863;353;695;632;987;429;321;750;162;715;626;179;206;237;622;360;535;557;451;207;362;816;856;783;833;180;530;229;324;923;58;612;584;517
layout:nlp:default:7f6284ebe027b1e9a3850fc703858a59,584;579;779;945;165;371;644;145;537;332;956;890;709;108;0;9;281;661;153;290;197;216;885;248;354;786;722;287;152;552;149;660;678;324;28;842;360;948;596;718;741;972;612;794;800;601;172;658;113;325;171;381;906;634;228;342;477;196;409;465;547;837;574;899;570;309;468;408;235;51;727;377;513;777;783;284;187;451;892;600;143;527;202;286;447;855;292;359;458;121;697;523;384;299;780;773;188;395;515;34;803;944;832;398;244;807;471;69;184;640;133;633;975;507;549;160;605;746;833;310;168;65;619;282;394;814;247;905;147;198;158;888;968;457;857;434;843;347;723;402;486;311;961;965;778;740;812;387;543;505;805;856;615;973;414;604;350;861;362;206;977;592;109;720;830;676;440;516;571;314;580;881;361;175;981;146;386;125;40;328;847;715;710;539;846;865;318;705;630;4;804;189;454;13;378;985;405;576;568;267;106;337;849;679;105;417;743;863;498;875;87;922;459;407;588;415;231;353;645;820;52;919;541;512;212;806;250;432;902;687;995;242;602;410;916;191;791;82;984;60;481;825;766;298;345;695;701;349;288;827;925;150;358;37;77;181;141;886;373;124;659;308;126;169;561;632;575;535;834;991;858;253;156;10;819;667;887;714;872;664;692;316;83;127;611;461;522;193;989;674;438;771;48;329;340;994;978;331;681;598;19;356;763;650;162;581;452;436;525;431;809;24;992;996;738;932;403;338;869;388;374;519;389;190;357;799;302;703;416;878;397;517;210;860;671;877;100;494;959;699;339;884;729;119;653;128;44;555;810;194;788;933;201;466;608;266;757;974;510;563;879;315;999;90;755;426;900;618;688;728;265;947;205;412;870;186;272;441;295;50;404;551;531;774;841;622;89;18;424;756;85;785;663;735;375;366;437;25;226;529;649;336;903;176;478;931;294;802;929;941;760;135;107;627;278;364;312;725;369;54;590;691;207;255;130;467;435;606;559;747;236;86;937;730;801;923;631;952;787;626;542;795;243;370;12;102;566;38;61;589;582;651;259;234;680;625;876;496;988;733;839;225;91;262;635;32;569;463;382;333;482;464;78;880;485;610;92;470;624;920;936;297;685;927;526;444;223;492;683;940;501;930;642;716;573;904;289;81;811;301;939;273;472;116;641;511;330;129;2;762;971;57;379;148;643;508;817;957;429;27;895;327;850;815;851;693;154;157;391;300;179;64;233;185;808;313;824;495;914;385;781;538;159;665;789;238;657;341;249;177;639;586;383;546;704;776;603;784;219;578;997;491;401;946;16;344;14;293;702;396;609;935;980;151;514;823;818;307;655;792;320;114;910;493;232;897;689;675;506;677;488;59;101;291;428;838;484;719;380;58;33;222;912;195;753;43;545;499;938;55;911;68;355;170;754;254;745;213;115;942;164;134;274;752;260;251;20;950;76;112;926;717;924;613;647;239;698;439;246;343;56;84;949;47;203;648;245;390;670;577;399;560;726;934;953;964;49;599;480;8;277;103;473;686;99;97;3;138;456;29;629;368;943;822;854;864;96;982;123;497;969;335;317;990;144;136;306;6;572;95;831;662;427;1;421;960;556;672;734;240;221;557;646;275;708;908;673;67;475;871;443;88;668;479;211;518;35;636;638;656;296;352;867;73;261;654;836;348;334;893;979;26;797;237;122;558;593;304;490;711;351;909;958;5;829;706;750;775;848;684;94;550;131;263;446;894;536;521;110;567;423;862;422;748;178;739;117;669;21;199;45;182;666;772;74;764;721;724;868;229;70;731;474;411;770;998;460;215;534;220;279;367;918;614;285;326;585;504;587;174;845;268;453;737;744;23;413;430;419;224;921;896;963;637;907;22;425;826;915;30;483;736;821;139;917;66;970;565;218;137;323;983;759;79;591;214;758;532;346;962;987;712;859;469;462;400;873;487;433;540;445;167;502;621;694;17;372;620;271;562;595;118;901;883;72;616;41;163;365;765;264;7;682;442;828;617;707;554;882;509;874;607;63;280;749;986;11;489;448;533;530;363;844;564;276;39;813;322;31;544;208;455;891;283;161;104;132;166;209;732;951;476;217;898;392;449;761;406;256;628;303;751;597;742;227;768;690;258;257;98;192;796;46;700;853;269;852;798;111;583;252;270;840;928;53;652;767;696;183;200;15;623;36;955;204;500;418;793;835;782;524;321;913;976;155;967;319;503;966;75;713;71;790;376;528;548;954;140;553;769;173;594;93;120;993;62;230;42;393;520;816;889;450;241;866;142;305;80;180;420
layout:nlp:default:b2fdde3b72980907578648774101543e,31;207;20;377;196;372;912;555;645;392;904;175;91;238;272;755;75;812;889;35;301;967;503;119;191;575;809;653;572;921;145;903;941;621;544;251;925;710;221;739;606;557;981;317;126;234;752;822;176;852;105;374;51;956;138;304;393;376;370;891;973;532;478;617;111;128;734;76;94;665;253;338;0;22;282;497;382;610;501;226;745;77;179;142;698;410;86;990;499;926;962;749;286;728;821;264;36;773;198;158;409;536;917;495;137;896;224;437;329;166;316;527;533;895;144;599;378;723;48;306;332;847;290;802;777;875;861;419;991;485;638;257;302;500;297;871;311;113;620;429;823;399;603;273;6;102;203;685;169;800;245;265;215;953;909;692;697;195;467;703;190;951;878;349;867;367;913;529;134;504;615;950;1;907;730;181;880;64;389;108;614;244;490;740;691;587;45;848;829;465;424;204;68;116;860;872;671;387;288;744;579;12;225;8;197;161;287;263;582;21;34;578;927;310;237;30;958;17;438;562;815;88;756;417;792;661;531;61;993;624;475;747;673;344;283;774;794;591;331;156;413;916;451;322;336;618;199;256;38;672;976;924;680;233;351;208;358;652;371;390;446;415;693;328;866;320;874;598;149;103;400;93;177;313;422;632;635;933;753;600;47;337;597;396;443;184;494;223;271;972;766;312;431;339;914;837;888;397;522;454;810;323;844;172;348;18;279;589;470;865;885;406;295;318;718;877;10;260;52;391;968;547;850;764;995;106;426;720;150;131;735;960;325;404;902;548;748;898;473;994;528;136;129;787;590;538;979;388;570;537;864;124;934;746;380;211;977;28;705;491;160;998;760;765;315;899;799;679;630;148;957;870;362;261;711;231;439;628;707;440;513;577;900;82;481;551;857;157;270;403;758;340;667;568;165;442;210;50;487;642;178;296;644;109;654;853;493;676;479;461;736;540;505;626;412;563;576;573;963;818;770;280;996;664;961;716;146;39;669;790;385;873;343;754;112;488;594;69;992;350;701;612;910;19;717;436;816;395;750;98;285;508;293;476;249;81;969;32;525;347;569;201;130;634;258;622;430;471;583;326;689;132;193;182;566;722;55;954;445;217;843;727;26;464;171;355;894;997;87;854;733;742;95;743;89;299;946;402;74;496;381;455;99;394;906;863;731;183;58;881;541;658;543;139;890;639;931;274;121;44;663;738;553;803;982;608;627;242;514;435;163;781;955;882;110;706;807;43;512;935;54;629;883;186;227;862;509;15;709;827;57;651;892;828;699;601;657;49;11;596;780;498;341;188;453;586;560;70;893;605;213;757;305;580;133;441;262;584;459;650;886;604;518;825;515;84;588;247;300;949;549;307;359;254;646;168;813;448;793;484;660;361;668;971;122;688;613;269;41;447;675;659;117;408;923;937;155;884;762;761;62;855;943;641;834;936;789;845;319;507;649;975;625;985;776;876;619;530;552;686;868;405;474;327;222;602;212;918;674;980;846;965;60;713;585;16;189;930;292;492;511;482;520;333;751;73;831;858;952;940;401;159;524;259;2;118;919;366;687;368;456;567;945;988;353;741;463;607;841;593;987;942;123;559;209;510;477;648;489;759;187;458;80;839;714;345;216;631;469;100;364;561;704;564;170;959;483;219;114;708;472;9;241;4;554;14;726;595;206;609;314;859;732;737;986;452;947;79;655;457;363;164;804;565;623;83;427;78;46;558;974;220;783;335;830;999;416;683;27;806;546;719;174;978;379;901;352;970;849;516;434;932;386;678;330;795;230;236;647;239;357;360;521;356;115;375;414;824;143;421;633;334;814;908;694;23;418;192;966;373;240;101;948;928;90;85;449;25;120;819;535;342;832;856;581;556;194;797;869;526;152;268;724;715;107;836;92;444;308;636;712;700;275;462;13;214;820;534;309;938;539;656;33;53;808;702;29;72;833;162;835;763;637;65;255;592;40;420;365;640;791;97;778;506;267;817;104;772;248;153;611;384;37;167;428;96;574;218;147;911;662;173;920;784;517;519;798;729;7;135;964;423;42;246;811;63;929;696;984;276;127;185;879;151;768;56;298;944;775;684;887;767;842;24;66;229;281;468;840;202;354;769;180;450;291;805;140;838;125;983;266;205;670;398;502;324;550;571;383;725;411;682;294;200;486;5;228;721;277;303;433;695;466;786;989;480;278;545;284;681;542;616;250;801;243;67;369;59;666;141;851;788;905;939;252;826;677;425;289;771;321;407;643;154;915;71;232;796;346;690;922;782;460;779;897;785;3;523;235;432
layout:nlp:default:d15316c12eefdef1ba549eb433797f77,180;921;338;9;195;532;589;426;804;767;298;90;427;35;755;840;785;129;400;204;405;855;507;380;953;911;244;255;564;773;18;903;60;721;732;346;567;415;758;672;967;61;566;182;120;95;155;963;12;381;516;706;92;193;62;20;734;189;987;153;957;293;245;866;212;163;159;966;531;787;704;429;824;302;549;816;714;460;841;289;778;932;614;805;899;58;740;774;258;665;461;70;559;833;145;533;300;931;951;355;59;65;466;990;881;933;225;636;303;325;184;235;958;701;419;291;606;595;913;323;494;186;335;441;829;874;418;309;900;56;403;214;322;710;909;310;851;759;941;746;725;198;524;713;100;474;694;607;702;750;333;301;387;917;250;444;638;891;3;342;397;307;642;858;827;41;358;811;585;431;208;617;615;157;7;945;722;391;359;954;686;106;343;109;32;598;218;229;75;576;433;806;946;538;476;640;348;390;514;708;854;269;314;63;775;503;50;210;660;491;537;674;657;46;500;497;199;612;424;499;421;817;124;187;728;304;71;103;729;523;970;912;440;139;976;989;352;455;897;280;115;22;224;919;401;949;956;261;313;89;678;262;178;560;420;768;876;527;464;488;873;367;610;600;752;575;961;886;831;385;799;11;843;72;715;413;276;539;473;673;33;797;769;260;860;730;844;96;253;207;641;230;920;511;608;720;627;809;719;68;234;356;697;278;185;915;452;316;786;937;25;408;123;133;151;487;162;369;582;118;334;44;689;529;542;409;535;655;227;916;305;483;481;850;349;236;852;344;978;635;52;505;742;85;979;272;761;366;337;160;695;137;49;675;568;570;283;792;552;363;579;221;651;935;622;623;815;81;222;923;780;625;864;231;930;601;839;179;711;203;789;853;165;435;26;259;832;148;813;847;27;959;220;776;382;591;438;197;37;152;378;434;940;249;216;810;735;217;803;191;825;457;893;980;140;512;555;201;596;985;1;504;54;771;756;135;659;790;626;308;849;668;373;992;834;150;4;927;114;577;132;286;339;226;112;964;295;739;629;630;206;256;573;593;905;526;548;936;547;443;782;972;965;530;723;737;997;653;93;319;896;753;477;237;842;194;835;624;354;691;508;238;331;922;943;233;828;28;838;744;158;646;929;351;142;656;402;904;125;631;287;110;375;822;924;428;679;602;793;13;38;821;15;8;745;87;156;456;361;717;796;76;192;31;6;561;988;517;392;611;748;265;147;698;239;647;326;270;592;134;374;384;268;24;417;16;320;345;597;522;738;703;67;478;999;458;509;248;136;39;515;47;628;190;687;489;892;209;877;223;885;819;845;439;86;901;918;621;868;604;551;281;869;407;613;856;541;974;471;826;166;144;454;667;944;328;882;580;938;865;578;590;973;498;863;254;955;372;111;553;77;257;685;733;666;770;170;925;332;482;394;520;736;554;888;5;130;423;484;948;228;857;406;962;648;690;321;677;448;240;467;696;131;572;947;619;676;23;17;297;377;634;859;119;122;470;450;609;99;644;425;664;521;183;633;682;219;64;788;884;294;241;975;960;360;410;271;411;116;479;2;749;632;242;681;709;830;669;181;823;993;465;324;80;861;437;991;754;398;48;808;658;939;459;40;468;490;202;986;404;480;368;19;416;616;637;128;556;743;565;700;862;213;620;188;164;386;318;583;172;645;88;563;716;493;173;449;618;10;895;574;104;412;101;543;422;177;751;57;395;370;279;107;290;357;907;998;353;168;74;446;662;246;167;14;146;791;766;436;683;232;802;288;894;875;69;364;329;707;569;680;105;30;430;584;285;968;587;982;215;451;942;765;501;161;79;995;906;867;84;340;777;670;971;472;365;692;981;783;534;663;712;747;540;599;671;762;546;908;317;66;781;121;211;536;772;306;848;251;311;277;661;399;296;175;91;926;760;154;800;880;42;812;757;469;108;872;274;292;36;586;196;0;950;388;814;557;983;492;171;820;362;994;724;795;495;176;432;347;887;603;486;506;996;312;73;379;243;414;688;97;890;273;284;513;639;643;605;518;126;727;53;794;330;928;934;650;784;51;113;502;396;581;731;779;871;764;462;818;544;902;914;693;571;898;652;870;741;275;29;798;138;718;34;984;969;447;389;726;485;55;879;525;82;263;200;594;21;43;496;252;83;327;801;463;836;336;350;299;878;143;393;282;654;883;684;149;910;889;247;562;205;519;117;78;383;453;174;952;588;545;445;127;266;699;977;528;475;550;94;846;169;371;141;315;558;705;98;763;442;102;45;807;837;376;649;264;341;267;510
layout:nlp:default:f6c146fc5cf10be4f3accbaca9897311,419;866;84;864;663;747;570;733;415;400;254;331;372;646;659;805;374;87;273;202;675;906;647;720;34;182;356;310;613;232;558;534;616;884;516;231;5;24;955;378;818;773;806;615;845;120;48;626;250;949;212;812;394;657;257;156;170;47;752;983;579;537;487;687;759;508;382;885;641;998;854;700;803;706;937;429;445;337;682;758;127;496;471;368;725;407;859;739;100;606;265;851;88;387;109;596;111;139;640;916;564;767;110;458;729;359;727;783;101;561;323;710;788;152;294;911;175;91;814;757;154;210;486;426;284;277;678;926;799;14;270;637;360;248;794;9;737;971;346;468;488;493;878;13;292;880;658;235;39;311;74;451;116;823;11;128;134;964;480;343;584;218;619;585;178;319;775;63;992;523;636;130;194;264;536;60;330;598;65;316;12;779;229;760;617;582;780;929;947;515;103;53;357;8;373;512;90;951;842;131;820;396;825;778;709;891;77;822;867;588;711;703;446;863;481;180;410;143;999;93;233;715;239;972;525;7;554;334;514;651;50;578;108;217;580;176;642;627;375;877;388;393;553;761;208;562;456;609;274;158;575;723;453;205;730;681;697;777;662;73;317;325;548;461;97;115;638;361;848;811;215;236;17;320;354;510;813;895;392;260;740;573;639;247;457;889;509;304;977;732;965;62;409;843;198;144;532;40;791;122;4;939;886;589;624;789;321;533;422;736;591;796;930;856;466;921;571;786;428;901;454;538;581;976;695;804;448;477;940;430;958;417;862;307;498;141;121;969;722;137;513;753;290;574;117;200;776;931;278;335;3;450;890;276;996;107;925;385;255;132;762;431;237;827;774;303;495;124;272;352;223;505;751;914;826;927;917;362;153;67;718;529;577;366;594;691;242;365;857;829;306;527;908;734;299;900;181;204;684;909;607;610;630;847;30;82;738;870;850;436;785;280;75;868;719;989;92;183;285;55;673;146;692;555;295;494;174;967;694;522;746;744;27;907;987;172;384;268;988;768;950;765;96;399;246;380;266;699;724;608;25;905;22;499;469;654;345;425;416;670;95;667;228;10;213;853;963;756;449;844;386;271;296;507;793;190;464;962;267;46;861;569;556;819;961;674;592;707;98;653;560;49;16;195;542;166;772;860;452;243;347;913;442;263;669;350;645;408;381;126;689;179;230;980;114;644;185;970;754;406;490;401;328;985;282;873;521;882;21;149;602;586;482;390;23;798;771;620;363;61;800;298;520;728;628;535;184;830;474;377;696;612;676;324;795;313;686;418;623;701;960;314;201;614;191;973;225;287;76;705;427;125;735;177;858;840;465;633;353;994;587;59;41;982;483;309;31;240;934;123;593;500;704;301;371;2;222;478;467;370;888;391;632;832;956;435;147;54;622;15;717;420;993;530;434;770;348;708;680;839;437;443;511;300;188;397;155;635;743;524;220;787;470;52;899;974;928;167;938;568;234;547;432;340;349;472;944;621;540;455;912;661;118;876;603;887;291;238;948;781;978;162;70;476;685;159;150;567;808;975;484;18;438;383;904;748;367;668;341;817;102;954;424;256;871;731;327;557;541;910;650;828;583;85;566;413;491;173;869;447;543;649;892;339;572;165;690;241;404;245;936;883;898;991;693;611;71;919;136;643;716;433;517;997;625;665;966;809;835;601;946;501;463;544;315;479;441;702;834;196;412;133;506;423;459;924;565;6;631;312;526;660;318;672;933;648;444;169;923;106;712;821;981;261;519;94;763;968;824;836;119;957;893;302;189;398;308;421;741;336;801;58;952;666;275;874;473;72;721;326;688;671;503;838;79;161;485;918;403;551;157;497;531;219;518;281;634;56;600;69;411;142;959;379;1;226;618;355;766;502;145;269;322;790;20;36;414;81;192;576;44;504;332;932;252;713;599;815;563;664;171;897;833;329;262;293;749;193;221;151;259;78;37;342;376;460;140;129;604;656;214;755;941;160;545;80;855;0;289;135;896;698;677;683;83;186;224;797;38;881;253;726;32;979;113;405;197;57;984;68;138;714;389;199;297;462;852;86;810;990;750;629;942;51;42;865;902;283;915;249;784;846;922;66;26;206;29;745;211;244;679;187;402;943;552;492;28;652;546;945;286;792;986;395;807;351;831;742;903;953;802;305;597;920;43;344;258;816;99;935;849;841;251;528;539;163;104;837;203;338;45;19;369;605;769;595;112;475;89;105;559;364;872;209;279;333;549;782;227;148;216;995;440;655;894;207;168;439;64;33;550;489;288;35;358;879;164;764;590;875
